timestamp_ms,mPWM,sPWM,mESC,sESC,mRPM,sRPM,mHz,sHz
13733,0,0,1500,1500,0,0,0.00,0.00
13748,0,0,1500,1500,0,0,0.00,0.00
13763,0,0,1500,1500,0,0,0.00,0.00
13778,0,0,1500,1500,0,0,0.00,0.00
13793,0,0,1500,1500,0,0,0.00,0.00
13808,0,0,1500,1500,0,0,0.00,0.00
13824,0,0,1500,1500,0,0,0.00,0.00
13839,0,0,1500,1500,0,0,0.00,0.00
13854,0,0,1500,1500,0,0,0.00,0.00
13869,0,0,1500,1500,0,0,0.00,0.00
13884,0,0,1500,1500,0,0,0.00,0.00
13899,0,0,1500,1500,0,0,0.00,0.00
13914,0,0,1500,1500,0,0,0.00,0.00
13929,0,0,1500,1500,0,0,0.00,0.00
13944,0,0,1500,1500,0,0,0.00,0.00
13959,0,0,1500,1500,0,0,0.00,0.00
13974,0,0,1500,1500,0,0,0.00,0.00
13989,0,0,1500,1500,0,0,0.00,0.00
14004,0,0,1500,1500,0,0,0.00,0.00
14019,0,0,1500,1500,0,0,0.00,0.00
14034,0,0,1500,1500,0,0,0.00,0.00
14049,0,0,1500,1500,0,0,0.00,0.00
14064,0,0,1500,1500,0,0,0.00,0.00
14080,0,0,1500,1500,0,0,0.00,0.00
14095,0,0,1500,1500,0,0,0.00,0.00
14110,0,0,1500,1500,0,0,0.00,0.00
14125,0,0,1500,1500,0,0,0.00,0.00
14140,0,0,1500,1500,0,0,0.00,0.00
14155,0,0,1500,1500,0,0,0.00,0.00
14170,0,0,1500,1500,0,0,0.00,0.00
14185,0,0,1500,1500,0,0,0.00,0.00
14200,0,0,1500,1500,0,0,0.00,0.00
14215,0,0,1500,1500,0,0,0.00,0.00
14230,0,0,1500,1500,0,0,0.00,0.00
14245,0,0,1500,1500,0,0,0.00,0.00
14260,0,0,1500,1500,0,0,0.00,0.00
14275,0,0,1500,1500,0,0,0.00,0.00
14290,0,0,1500,1500,0,0,0.00,0.00
14305,0,0,1500,1500,0,0,0.00,0.00
14320,0,0,1500,1500,0,0,0.00,0.00
14336,0,0,1500,1500,0,0,0.00,0.00
14351,0,0,1500,1500,0,0,0.00,0.00
14366,0,0,1500,1500,0,0,0.00,0.00
14381,0,0,1500,1500,0,0,0.00,0.00
14396,0,0,1500,1500,0,0,0.00,0.00
14411,0,0,1500,1500,0,0,0.00,0.00
14426,0,0,1500,1500,0,0,0.00,0.00
14441,0,0,1500,1500,0,0,0.00,0.00
14456,0,0,1500,1500,0,0,0.00,0.00
14471,0,0,1500,1500,0,0,0.00,0.00
14486,0,0,1500,1500,0,0,0.00,0.00
14501,0,0,1500,1500,0,0,0.00,0.00
14516,0,0,1500,1500,0,0,0.00,0.00
14531,0,0,1500,1500,0,0,0.00,0.00
14546,0,0,1500,1500,0,0,0.00,0.00
14561,0,0,1500,1500,0,0,0.00,0.00
14576,0,0,1500,1500,0,0,0.00,0.00
14592,0,0,1500,1500,0,0,0.00,0.00
14607,0,0,1500,1500,0,0,0.00,0.00
14622,0,0,1500,1500,0,0,0.00,0.00
14637,0,0,1500,1500,0,0,0.00,0.00
14652,0,0,1500,1500,0,0,0.00,0.00
14667,0,0,1500,1500,0,0,0.00,0.00
14682,0,0,1500,1500,0,0,0.00,0.00
14697,0,0,1500,1500,0,0,0.00,0.00
14712,0,0,1500,1500,0,0,0.00,0.00
14727,0,0,1500,1500,0,0,0.00,0.00
14742,0,0,1500,1500,0,0,0.00,0.00
14757,0,0,1500,1500,0,0,0.00,0.00
14772,0,0,1500,1500,0,0,0.00,0.00
14787,0,0,1500,1500,0,0,0.00,0.00
14802,0,0,1500,1500,0,0,0.00,0.00
14817,0,0,1500,1500,0,0,0.00,0.00
14832,0,0,1500,1500,0,0,0.00,0.00
14848,0,0,1500,1500,0,0,0.00,0.00
14863,0,0,1500,1500,0,0,0.00,0.00
14878,0,0,1500,1500,0,0,0.00,0.00
14893,0,0,1500,1500,0,0,0.00,0.00
14908,0,0,1500,1500,0,0,0.00,0.00
14923,0,0,1500,1500,0,0,0.00,0.00
14938,0,0,1500,1500,0,0,0.00,0.00
14953,0,0,1500,1500,0,0,0.00,0.00
14968,0,0,1500,1500,0,0,0.00,0.00
14983,0,0,1500,1500,0,0,0.00,0.00
14998,0,0,1500,1500,0,0,0.00,0.00
15013,0,0,1500,1500,0,0,0.00,0.00
15028,0,0,1500,1500,0,0,0.00,0.00
15043,0,0,1500,1500,0,0,0.00,0.00
15058,0,0,1500,1500,0,0,0.00,0.00
15073,0,0,1500,1500,0,0,0.00,0.00
15088,0,0,1500,1500,0,0,0.00,0.00
15104,0,0,1500,1500,0,0,0.00,0.00
15119,0,0,1500,1500,0,0,0.00,0.00
15134,0,0,1500,1500,0,0,0.00,0.00
15149,0,0,1500,1500,0,0,0.00,0.00
15164,0,0,1500,1500,0,0,0.00,0.00
15179,0,0,1500,1500,0,0,0.00,0.00
15194,0,0,1500,1500,0,0,0.00,0.00
15209,0,0,1500,1500,0,0,0.00,0.00
15224,0,0,1500,1500,0,0,0.00,0.00
15239,0,0,1500,1500,0,0,0.00,0.00
15254,0,0,1500,1500,0,0,0.00,0.00
15269,0,0,1500,1500,0,0,0.00,0.00
15284,0,0,1500,1500,0,0,0.00,0.00
15299,0,0,1500,1500,0,0,0.00,0.00
15314,0,0,1500,1500,0,0,0.00,0.00
15329,0,0,1500,1500,0,0,0.00,0.00
15344,0,0,1500,1500,0,0,0.00,0.00
15360,0,0,1500,1500,0,0,0.00,0.00
15375,0,0,1500,1500,0,0,0.00,0.00
15390,0,0,1500,1500,0,0,0.00,0.00
15405,0,0,1500,1500,0,0,0.00,0.00
15420,0,0,1500,1500,0,0,0.00,0.00
15435,0,0,1500,1500,0,0,0.00,0.00
15450,0,0,1500,1500,0,0,0.00,0.00
15465,0,0,1500,1500,0,0,0.00,0.00
15480,0,0,1500,1500,0,0,0.00,0.00
15495,0,0,1500,1500,0,0,0.00,0.00
15510,0,0,1500,1500,0,0,0.00,0.00
15525,0,0,1500,1500,0,0,0.00,0.00
15540,0,0,1500,1500,0,0,0.00,0.00
15555,0,0,1500,1500,0,0,0.00,0.00
15570,0,0,1500,1500,0,0,0.00,0.00
15585,0,0,1500,1500,0,0,0.00,0.00
15600,0,0,1500,1500,0,0,0.00,0.00
15616,0,0,1500,1500,0,0,0.00,0.00
15631,0,0,1500,1500,0,0,0.00,0.00
15646,0,0,1500,1500,0,0,0.00,0.00
15661,0,0,1500,1500,0,0,0.00,0.00
15676,0,0,1500,1500,0,0,0.00,0.00
15691,0,0,1500,1500,0,0,0.00,0.00
15706,0,0,1500,1500,0,0,0.00,0.00
15721,0,0,1500,1500,0,0,0.00,0.00
15736,0,0,1500,1500,0,0,0.00,0.00
15751,0,0,1500,1500,0,0,0.00,0.00
15766,0,0,1500,1500,0,0,0.00,0.00
15781,0,0,1500,1500,0,0,0.00,0.00
15796,0,0,1500,1500,0,0,0.00,0.00
15811,0,0,1500,1500,0,0,0.00,0.00
15826,0,0,1500,1500,0,0,0.00,0.00
15841,0,0,1500,1500,0,0,0.00,0.00
15856,0,0,1500,1500,0,0,0.00,0.00
15872,0,0,1500,1500,0,0,0.00,0.00
15887,0,0,1500,1500,0,0,0.00,0.00
15902,0,0,1500,1500,0,0,0.00,0.00
15917,0,0,1500,1500,0,0,0.00,0.00
15932,0,0,1500,1500,0,0,0.00,0.00
15947,0,0,1500,1500,0,0,0.00,0.00
15962,0,0,1500,1500,0,0,0.00,0.00
15977,0,0,1500,1500,0,0,0.00,0.00
15992,0,0,1500,1500,0,0,0.00,0.00
16007,0,0,1500,1500,0,0,0.00,0.00
16022,0,0,1500,1500,0,0,0.00,0.00
16037,0,0,1500,1500,0,0,0.00,0.00
16052,0,0,1500,1500,0,0,0.00,0.00
16067,0,0,1500,1500,0,0,0.00,0.00
16082,0,0,1500,1500,0,0,0.00,0.00
16097,0,0,1500,1500,0,0,0.00,0.00
16112,0,0,1500,1500,0,0,0.00,0.00
16128,0,0,1500,1500,0,0,0.00,0.00
16143,0,0,1500,1500,0,0,0.00,0.00
16158,0,0,1500,1500,0,0,0.00,0.00
16173,0,0,1500,1500,0,0,0.00,0.00
16188,0,0,1500,1500,0,0,0.00,0.00
16203,0,0,1500,1500,0,0,0.00,0.00
16218,0,0,1500,1500,0,0,0.00,0.00
16233,0,0,1500,1500,0,0,0.00,0.00
16248,0,0,1500,1500,0,0,0.00,0.00
16263,0,0,1500,1500,0,0,0.00,0.00
16278,0,0,1500,1500,0,0,0.00,0.00
16293,0,0,1500,1500,0,0,0.00,0.00
16308,0,0,1500,1500,0,0,0.00,0.00
16323,0,0,1500,1500,0,0,0.00,0.00
16338,0,0,1500,1500,0,0,0.00,0.00
16353,0,0,1500,1500,0,0,0.00,0.00
16368,0,0,1500,1500,0,0,0.00,0.00
16384,0,0,1500,1500,0,0,0.00,0.00
16399,0,0,1500,1500,0,0,0.00,0.00
16414,0,0,1500,1500,0,0,0.00,0.00
16429,0,0,1500,1500,0,0,0.00,0.00
16444,0,0,1500,1500,0,0,0.00,0.00
16459,0,0,1500,1500,0,0,0.00,0.00
16474,0,0,1500,1500,0,0,0.00,0.00
16489,0,0,1500,1500,0,0,0.00,0.00
16504,0,0,1500,1500,0,0,0.00,0.00
16519,0,0,1500,1500,0,0,0.00,0.00
16534,0,0,1500,1500,0,0,0.00,0.00
16549,0,0,1500,1500,0,0,0.00,0.00
16564,0,0,1500,1500,0,0,0.00,0.00
16579,0,0,1500,1500,0,0,0.00,0.00
16594,0,0,1500,1500,0,0,0.00,0.00
16609,0,0,1500,1500,0,0,0.00,0.00
16624,0,0,1500,1500,0,0,0.00,0.00
16640,0,0,1500,1500,0,0,0.00,0.00
16655,0,0,1500,1500,0,0,0.00,0.00
16670,0,0,1500,1500,0,0,0.00,0.00
16685,0,0,1500,1500,0,0,0.00,0.00
16700,0,0,1500,1500,0,0,0.00,0.00
16715,0,0,1500,1500,0,0,0.00,0.00
16730,0,0,1500,1500,0,0,0.00,0.00
16745,0,0,1500,1500,0,0,0.00,0.00
16760,0,0,1500,1500,0,0,0.00,0.00
16775,0,0,1500,1500,0,0,0.00,0.00
16790,0,0,1500,1500,0,0,0.00,0.00
16805,0,0,1500,1500,0,0,0.00,0.00
16820,0,0,1500,1500,0,0,0.00,0.00
16835,0,0,1500,1500,0,0,0.00,0.00
16850,0,0,1500,1500,0,0,0.00,0.00
16865,0,0,1500,1500,0,0,0.00,0.00
16880,0,0,1500,1500,0,0,0.00,0.00
16896,0,0,1500,1500,0,0,0.00,0.00
16911,0,0,1500,1500,0,0,0.00,0.00
16926,0,0,1500,1500,0,0,0.00,0.00
16941,0,0,1500,1500,0,0,0.00,0.00
16956,0,0,1500,1500,0,0,0.00,0.00
16971,0,0,1500,1500,0,0,0.00,0.00
16986,0,0,1500,1500,0,0,0.00,0.00
17001,0,0,1500,1500,0,0,0.00,0.00
17016,0,0,1500,1500,0,0,0.00,0.00
17031,0,0,1500,1500,0,0,0.00,0.00
17046,0,0,1500,1500,0,0,0.00,0.00
17061,0,0,1500,1500,0,0,0.00,0.00
17076,0,0,1500,1500,0,0,0.00,0.00
17091,0,0,1500,1500,0,0,0.00,0.00
17106,0,0,1500,1500,0,0,0.00,0.00
17121,0,0,1500,1500,0,0,0.00,0.00
17136,0,0,1500,1500,0,0,0.00,0.00
17152,0,0,1500,1500,0,0,0.00,0.00
17167,0,0,1500,1500,0,0,0.00,0.00
17182,0,0,1500,1500,0,0,0.00,0.00
17197,0,0,1500,1500,0,0,0.00,0.00
17212,0,0,1500,1500,0,0,0.00,0.00
17227,0,0,1500,1500,0,0,0.00,0.00
17242,0,0,1500,1500,0,0,0.00,0.00
17257,0,0,1500,1500,0,0,0.00,0.00
17272,0,0,1500,1500,0,0,0.00,0.00
17287,0,0,1500,1500,0,0,0.00,0.00
17302,0,0,1500,1500,0,0,0.00,0.00
17317,0,0,1500,1500,0,0,0.00,0.00
17332,0,0,1500,1500,0,0,0.00,0.00
17347,0,0,1500,1500,0,0,0.00,0.00
17362,0,0,1500,1500,0,0,0.00,0.00
17377,0,0,1500,1500,0,0,0.00,0.00
17392,0,0,1500,1500,0,0,0.00,0.00
17408,0,0,1500,1500,0,0,0.00,0.00
17423,0,0,1500,1500,0,0,0.00,0.00
17438,0,0,1500,1500,0,0,0.00,0.00
17453,0,0,1500,1500,0,0,0.00,0.00
17468,0,0,1500,1500,0,0,0.00,0.00
17483,0,0,1500,1500,0,0,0.00,0.00
17498,0,0,1500,1500,0,0,0.00,0.00
17513,0,0,1500,1500,0,0,0.00,0.00
17528,0,0,1500,1500,0,0,0.00,0.00
17543,0,0,1500,1500,0,0,0.00,0.00
17558,0,0,1500,1500,0,0,0.00,0.00
17573,0,0,1500,1500,0,0,0.00,0.00
17588,0,0,1500,1500,0,0,0.00,0.00
17603,0,0,1500,1500,0,0,0.00,0.00
17618,0,0,1500,1500,0,0,0.00,0.00
17633,0,0,1500,1500,0,0,0.00,0.00
17648,0,0,1500,1500,0,0,0.00,0.00
17664,0,0,1500,1500,0,0,0.00,0.00
17679,0,0,1500,1500,0,0,0.00,0.00
17694,0,0,1500,1500,0,0,0.00,0.00
17709,0,0,1500,1500,0,0,0.00,0.00
17724,0,0,1500,1500,0,0,0.00,0.00
17739,0,0,1500,1500,0,0,0.00,0.00
17754,0,0,1500,1500,0,0,0.00,0.00
17769,0,0,1500,1500,0,0,0.00,0.00
17784,0,0,1500,1500,0,0,0.00,0.00
17799,0,0,1500,1500,0,0,0.00,0.00
17814,0,0,1500,1500,0,0,0.00,0.00
17829,0,0,1500,1500,0,0,0.00,0.00
17844,0,0,1500,1500,0,0,0.00,0.00
17859,0,0,1500,1500,0,0,0.00,0.00
17874,0,0,1500,1500,0,0,0.00,0.00
17889,0,0,1500,1500,0,0,0.00,0.00
17904,0,0,1500,1500,0,0,0.00,0.00
17920,0,0,1500,1500,0,0,0.00,0.00
17935,0,0,1500,1500,0,0,0.00,0.00
17950,0,0,1500,1500,0,0,0.00,0.00
17965,0,0,1500,1500,0,0,0.00,0.00
17980,0,0,1500,1500,0,0,0.00,0.00
17995,0,0,1500,1500,0,0,0.00,0.00
18010,0,0,1500,1500,0,0,0.00,0.00
18025,0,0,1500,1500,0,0,0.00,0.00
18040,0,0,1500,1500,0,0,0.00,0.00
18055,0,0,1500,1500,0,0,0.00,0.00
18070,0,0,1500,1500,0,0,0.00,0.00
18085,0,0,1500,1500,0,0,0.00,0.00
18100,0,0,1500,1500,0,0,0.00,0.00
18115,0,0,1500,1500,0,0,0.00,0.00
18130,0,0,1500,1500,0,0,0.00,0.00
18145,0,0,1500,1500,0,0,0.00,0.00
18160,0,0,1500,1500,0,0,0.00,0.00
18176,0,0,1500,1500,0,0,0.00,0.00
18191,0,0,1500,1500,0,0,0.00,0.00
18206,0,0,1500,1500,0,0,0.00,0.00
18221,0,0,1500,1500,0,0,0.00,0.00
18236,0,0,1500,1500,0,0,0.00,0.00
18251,0,0,1500,1500,0,0,0.00,0.00
18266,0,0,1500,1500,0,0,0.00,0.00
18281,0,0,1500,1500,0,0,0.00,0.00
18296,0,0,1500,1500,0,0,0.00,0.00
18311,0,0,1500,1500,0,0,0.00,0.00
18326,0,0,1500,1500,0,0,0.00,0.00
18341,0,0,1500,1500,0,0,0.00,0.00
18356,0,0,1500,1500,0,0,0.00,0.00
18371,0,0,1500,1500,0,0,0.00,0.00
18386,0,0,1500,1500,0,0,0.00,0.00
18401,0,0,1500,1500,0,0,0.00,0.00
18416,0,0,1500,1500,0,0,0.00,0.00
18432,0,0,1500,1500,0,0,0.00,0.00
18447,0,0,1500,1500,0,0,0.00,0.00
18462,0,0,1500,1500,0,0,0.00,0.00
18477,0,0,1500,1500,0,0,0.00,0.00
18492,0,0,1500,1500,0,0,0.00,0.00
18507,0,0,1500,1500,0,0,0.00,0.00
18522,0,0,1500,1500,0,0,0.00,0.00
18537,0,0,1500,1500,0,0,0.00,0.00
18552,0,0,1500,1500,0,0,0.00,0.00
18567,0,0,1500,1500,0,0,0.00,0.00
18582,0,0,1500,1500,0,0,0.00,0.00
18597,0,0,1500,1500,0,0,0.00,0.00
18612,0,0,1500,1500,0,0,0.00,0.00
18627,0,0,1500,1500,0,0,0.00,0.00
18642,0,0,1500,1500,0,0,0.00,0.00
18657,0,0,1500,1500,0,0,0.00,0.00
18672,0,0,1500,1500,0,0,0.00,0.00
18688,0,0,1500,1500,0,0,0.00,0.00
18703,0,0,1500,1500,0,0,0.00,0.00
18718,0,0,1500,1500,0,0,0.00,0.00
18733,0,0,1500,1500,0,0,0.00,0.00
18748,0,0,1500,1500,0,0,0.00,0.00
18763,0,0,1500,1500,0,0,0.00,0.00
18778,0,0,1500,1500,0,0,0.00,0.00
18793,0,0,1500,1500,0,0,0.00,0.00
18808,0,0,1500,1500,0,0,0.00,0.00
18823,0,0,1500,1500,0,0,0.00,0.00
18838,0,0,1500,1500,0,0,0.00,0.00
18853,0,0,1500,1500,0,0,0.00,0.00
18868,0,0,1500,1500,0,0,0.00,0.00
18883,0,0,1500,1500,0,0,0.00,0.00
18898,0,0,1500,1500,0,0,0.00,0.00
18913,0,0,1500,1500,0,0,0.00,0.00
18928,0,0,1500,1500,0,0,0.00,0.00
18944,0,0,1500,1500,0,0,0.00,0.00
18959,0,0,1500,1500,0,0,0.00,0.00
18974,0,0,1500,1500,0,0,0.00,0.00
18989,0,0,1500,1500,0,0,0.00,0.00
19004,0,0,1500,1500,0,0,0.00,0.00
19019,0,0,1500,1500,0,0,0.00,0.00
19034,0,0,1500,1500,0,0,0.00,0.00
19049,0,0,1500,1500,0,0,0.00,0.00
19064,0,0,1500,1500,0,0,0.00,0.00
19079,0,0,1500,1500,0,0,0.00,0.00
19094,0,0,1500,1500,0,0,0.00,0.00
19109,0,0,1500,1500,0,0,0.00,0.00
19124,0,0,1500,1500,0,0,0.00,0.00
19139,0,0,1500,1500,0,0,0.00,0.00
19154,0,0,1500,1500,0,0,0.00,0.00
19169,0,0,1500,1500,0,0,0.00,0.00
19184,0,0,1500,1500,0,0,0.00,0.00
19200,0,0,1500,1500,0,0,0.00,0.00
19215,0,0,1500,1500,0,0,0.00,0.00
19230,0,0,1500,1500,0,0,0.00,0.00
19245,0,0,1500,1500,0,0,0.00,0.00
19260,0,0,1500,1500,0,0,0.00,0.00
19275,0,0,1500,1500,0,0,0.00,0.00
19290,0,0,1500,1500,0,0,0.00,0.00
19305,0,0,1500,1500,0,0,0.00,0.00
19320,0,0,1500,1500,0,0,0.00,0.00
19335,0,0,1500,1500,0,0,0.00,0.00
19350,0,0,1500,1500,0,0,0.00,0.00
19365,0,0,1500,1500,0,0,0.00,0.00
19380,0,0,1500,1500,0,0,0.00,0.00
19395,0,0,1500,1500,0,0,0.00,0.00
19410,0,0,1500,1500,0,0,0.00,0.00
19425,0,0,1500,1500,0,0,0.00,0.00
19440,0,0,1500,1500,0,0,0.00,0.00
19456,0,0,1500,1500,0,0,0.00,0.00
19471,0,0,1500,1500,0,0,0.00,0.00
19486,0,0,1500,1500,0,0,0.00,0.00
19501,0,0,1500,1500,0,0,0.00,0.00
19516,0,0,1500,1500,0,0,0.00,0.00
19531,0,0,1500,1500,0,0,0.00,0.00
19546,0,0,1500,1500,0,0,0.00,0.00
19561,0,0,1500,1500,0,0,0.00,0.00
19576,0,0,1500,1500,0,0,0.00,0.00
19591,0,0,1500,1500,0,0,0.00,0.00
19606,0,0,1500,1500,0,0,0.00,0.00
19621,0,0,1500,1500,0,0,0.00,0.00
19636,0,0,1500,1500,0,0,0.00,0.00
19651,0,0,1500,1500,0,0,0.00,0.00
19666,0,0,1500,1500,0,0,0.00,0.00
19681,0,0,1500,1500,0,0,0.00,0.00
19696,0,0,1500,1500,0,0,0.00,0.00
19712,0,0,1500,1500,0,0,0.00,0.00
19727,0,0,1500,1500,0,0,0.00,0.00
19742,0,0,1500,1500,0,0,0.00,0.00
19757,0,0,1500,1500,0,0,0.00,0.00
19772,0,0,1500,1500,0,0,0.00,0.00
19787,0,0,1500,1500,0,0,0.00,0.00
19802,0,0,1500,1500,0,0,0.00,0.00
19817,0,0,1500,1500,0,0,0.00,0.00
19832,0,0,1500,1500,0,0,0.00,0.00
19847,0,0,1500,1500,0,0,0.00,0.00
19862,0,0,1500,1500,0,0,0.00,0.00
19877,0,0,1500,1500,0,0,0.00,0.00
19892,0,0,1500,1500,0,0,0.00,0.00
19907,0,0,1500,1500,0,0,0.00,0.00
19922,0,0,1500,1500,0,0,0.00,0.00
19937,0,0,1500,1500,0,0,0.00,0.00
19952,0,0,1500,1500,0,0,0.00,0.00
19968,0,0,1500,1500,0,0,0.00,0.00
19983,0,0,1500,1500,0,0,0.00,0.00
19998,0,0,1500,1500,0,0,0.00,0.00
20013,0,0,1500,1500,0,0,0.00,0.00
20028,0,0,1500,1500,0,0,0.00,0.00
20043,0,0,1500,1500,0,0,0.00,0.00
20058,0,0,1500,1500,0,0,0.00,0.00
20073,0,0,1500,1500,0,0,0.00,0.00
20088,0,0,1500,1500,0,0,0.00,0.00
20103,0,0,1500,1500,0,0,0.00,0.00
20118,0,0,1500,1500,0,0,0.00,0.00
20133,0,0,1500,1500,0,0,0.00,0.00
20148,0,0,1500,1500,0,0,0.00,0.00
20163,0,0,1500,1500,0,0,0.00,0.00
20178,0,0,1500,1500,0,0,0.00,0.00
20193,0,0,1500,1500,0,0,0.00,0.00
20208,0,0,1500,1500,0,0,0.00,0.00
20224,0,0,1500,1500,0,0,0.00,0.00
20239,0,0,1500,1500,0,0,0.00,0.00
20254,0,0,1500,1500,0,0,0.00,0.00
20269,0,0,1500,1500,0,0,0.00,0.00
20284,0,0,1500,1500,0,0,0.00,0.00
20299,0,0,1500,1500,0,0,0.00,0.00
20314,0,0,1500,1500,0,0,0.00,0.00
20329,0,0,1500,1500,0,0,0.00,0.00
20344,0,0,1500,1500,0,0,0.00,0.00
20359,0,0,1500,1500,0,0,0.00,0.00
20374,0,0,1500,1500,0,0,0.00,0.00
20389,0,0,1500,1500,0,0,0.00,0.00
20404,0,0,1500,1500,0,0,0.00,0.00
20419,0,0,1500,1500,0,0,0.00,0.00
20434,0,0,1500,1500,0,0,0.00,0.00
20449,0,0,1500,1500,0,0,0.00,0.00
20464,0,0,1500,1500,0,0,0.00,0.00
20480,0,0,1500,1500,0,0,0.00,0.00
20495,0,0,1500,1500,0,0,0.00,0.00
20510,0,0,1500,1500,0,0,0.00,0.00
20525,0,0,1500,1500,0,0,0.00,0.00
20540,0,0,1500,1500,0,0,0.00,0.00
20555,0,0,1500,1500,0,0,0.00,0.00
20570,0,0,1500,1500,0,0,0.00,0.00
20585,0,0,1500,1500,0,0,0.00,0.00
20600,0,0,1500,1500,0,0,0.00,0.00
20615,0,0,1500,1500,0,0,0.00,0.00
20630,0,0,1500,1500,0,0,0.00,0.00
20645,0,0,1500,1500,0,0,0.00,0.00
20660,0,0,1500,1500,0,0,0.00,0.00
20675,0,0,1500,1500,0,0,0.00,0.00
20690,0,0,1500,1500,0,0,0.00,0.00
20705,0,0,1500,1500,0,0,0.00,0.00
20720,0,0,1500,1500,0,0,0.00,0.02
20736,0,0,1500,1500,0,0,0.00,0.02
20751,0,0,1500,1500,0,0,0.00,0.02
20766,0,0,1500,1500,0,0,0.00,0.02
20781,0,0,1500,1500,0,0,0.00,0.02
20796,0,0,1500,1500,0,0,0.00,0.02
20811,0,0,1500,1500,0,0,0.00,0.02
20826,0,0,1500,1500,0,0,0.00,2.71
20841,0,0,1500,1500,0,0,0.00,2.71
20856,0,0,1500,1500,0,0,0.00,2.71
20871,0,0,1500,1500,0,0,0.00,2.71
20886,0,0,1500,1500,0,0,0.00,2.71
20901,0,0,1500,1500,0,0,0.00,2.71
20916,0,0,1500,1500,0,0,0.00,2.71
20931,0,0,1500,1500,0,0,0.00,5.59
20946,0,0,1500,1500,0,0,0.00,5.59
20961,0,0,1500,1500,0,0,0.00,5.59
20976,0,0,1500,1500,0,0,0.00,5.59
20992,0,0,1500,1500,0,0,0.00,5.59
21007,0,0,1500,1500,0,0,0.10,5.59
21022,0,0,1500,1500,0,0,0.10,6.23
21037,0,0,1500,1500,0,0,0.10,6.23
21052,0,0,1500,1500,0,0,0.10,6.23
21067,0,0,1500,1500,0,0,0.10,6.23
21082,0,0,1500,1500,0,0,0.10,6.23
21097,0,0,1500,1500,0,0,0.10,6.23
21112,0,0,1500,1500,0,0,0.11,6.23
21127,0,0,1500,1500,0,0,0.11,4.93
21142,0,0,1500,1500,0,0,0.11,4.93
21157,0,0,1500,1500,0,0,0.11,4.93
21172,0,0,1500,1500,0,0,0.11,4.93
21187,0,0,1500,1500,0,0,0.11,4.93
21202,0,0,1500,1500,0,0,0.11,4.93
21217,0,0,1500,1500,0,0,0.35,3.47
21232,0,0,1500,1500,0,0,0.35,3.47
21248,0,0,1500,1500,0,0,0.35,3.47
21263,0,0,1500,1500,0,0,0.35,3.47
21278,0,0,1500,1500,0,0,0.35,3.47
21293,0,0,1500,1500,0,0,0.35,3.47
21308,0,0,1500,1500,0,0,0.25,3.47
21323,0,0,1500,1500,0,0,0.25,2.60
21338,0,0,1500,1500,0,0,0.25,2.60
21353,0,0,1500,1500,0,0,0.25,2.60
21368,0,0,1500,1500,0,0,0.25,2.60
21383,0,0,1500,1500,0,0,0.25,2.60
21398,0,0,1500,1500,0,0,0.25,2.60
21413,0,0,1500,1500,0,0,0.18,2.60
21428,0,0,1500,1500,0,0,0.18,1.84
21443,0,0,1500,1500,0,0,0.18,1.84
21458,0,0,1500,1500,0,0,0.18,1.84
21473,0,0,1500,1500,0,0,0.18,1.84
21488,0,0,1500,1500,0,0,0.18,1.84
21504,0,0,1500,1500,0,0,0.13,1.84
21519,0,0,1500,1500,0,0,0.13,1.29
21534,0,0,1500,1500,0,0,0.13,1.29
21549,0,0,1500,1500,0,0,0.13,1.29
21564,0,0,1500,1500,0,0,0.13,1.29
21579,0,0,1500,1500,0,0,0.13,1.29
21594,0,0,1500,1500,0,0,0.13,1.29
21609,0,0,1500,1500,0,0,0.09,1.29
21624,0,0,1500,1500,0,0,0.09,0.90
21639,0,0,1500,1500,0,0,0.09,0.90
21654,0,0,1500,1500,0,0,0.09,0.90
21669,0,0,1500,1500,0,0,0.09,0.90
21684,0,0,1500,1500,0,0,0.09,0.90
21699,0,0,1500,1500,0,0,0.09,0.90
21714,0,0,1500,1500,0,0,0.07,0.90
21729,0,0,1500,1500,0,0,0.07,0.63
21744,0,0,1500,1500,0,0,0.07,0.63
21760,0,0,1500,1500,0,0,0.07,0.63
21775,0,0,1500,1500,0,0,0.07,0.63
21790,0,0,1500,1500,0,0,0.07,0.63
21805,0,0,1500,1500,0,0,0.05,0.63
21820,0,0,1500,1500,0,0,0.05,0.44
21835,0,0,1500,1500,0,0,0.05,0.44
21850,0,0,1500,1500,0,0,0.05,0.44
21865,0,0,1500,1500,0,0,0.05,0.44
21880,0,0,1500,1500,0,0,0.05,0.44
21895,0,0,1500,1500,0,0,0.05,0.44
21910,0,0,1500,1500,0,0,0.03,0.44
21925,0,0,1500,1500,0,0,0.03,0.31
21940,0,0,1500,1500,0,0,0.03,0.31
21955,0,0,1500,1500,0,0,0.03,0.31
21970,0,0,1500,1500,0,0,0.03,0.31
21985,0,0,1500,1500,0,0,0.03,0.31
22000,0,0,1500,1500,0,0,0.03,0.31
22016,0,0,1500,1500,0,0,0.02,0.31
22031,0,0,1500,1500,0,0,0.02,0.22
22046,0,0,1500,1500,0,0,0.02,0.22
22061,0,0,1500,1500,0,0,0.02,0.22
22076,0,0,1500,1500,0,0,0.02,0.22
22091,0,0,1500,1500,0,0,0.02,0.22
22106,0,0,1500,1500,0,0,0.01,0.22
22121,0,0,1500,1500,0,0,0.01,0.89
22136,0,0,1500,1500,0,0,0.01,0.89
22151,0,0,1500,1500,0,0,0.01,0.89
22166,0,0,1500,1500,0,0,0.01,0.89
22181,0,0,1500,1500,0,0,0.01,0.89
22196,0,0,1500,1500,0,0,0.01,0.89
22211,0,0,1500,1500,0,0,0.01,0.89
22226,0,0,1500,1500,0,0,0.01,4.02
22241,0,0,1500,1500,0,0,0.01,4.02
22256,0,0,1500,1500,0,0,0.01,4.02
22272,0,0,1500,1500,0,0,0.01,4.02
22287,0,0,1500,1500,0,0,0.01,4.02
22302,0,0,1500,1500,0,0,0.01,4.02
22317,0,0,1500,1500,0,0,0.01,6.35
22332,0,0,1500,1500,0,0,0.01,6.35
22347,0,0,1500,1500,0,0,0.01,6.35
22362,0,0,1500,1500,0,0,0.01,6.35
22377,0,0,1500,1500,0,0,0.01,6.35
22392,0,0,1500,1500,0,0,0.01,6.35
22407,0,0,1500,1500,0,0,0.03,6.35
22422,0,0,1500,1500,0,0,0.03,5.91
22437,0,0,1500,1500,0,0,0.03,5.91
22452,0,0,1500,1500,0,0,0.03,5.91
22467,0,0,1500,1500,0,0,0.03,5.91
22482,0,0,1500,1500,0,0,0.03,5.91
22497,0,0,1500,1500,0,0,0.03,5.91
22512,0,0,1500,1500,0,0,0.06,5.91
22528,0,0,1500,1500,0,0,0.06,4.23
22543,0,0,1500,1500,0,0,0.06,4.23
22558,0,0,1500,1500,0,0,0.06,4.23
22573,0,0,1500,1500,0,0,0.06,4.23
22588,0,0,1500,1500,0,0,0.06,4.23
22603,0,0,1500,1500,0,0,0.06,4.23
22618,0,0,1500,1500,0,0,0.10,3.15
22633,0,0,1500,1500,0,0,0.10,3.15
22648,0,0,1500,1500,0,0,0.10,3.15
22663,0,0,1500,1500,0,0,0.10,3.15
22678,0,0,1500,1500,0,0,0.10,3.15
22693,0,0,1500,1500,0,0,0.10,3.15
22708,0,0,1500,1500,0,0,0.08,3.15
22723,0,0,1500,1500,0,0,0.08,2.24
22738,0,0,1500,1500,0,0,0.08,2.24
22753,0,0,1500,1500,0,0,0.08,2.24
22768,0,0,1500,1500,0,0,0.08,2.24
22784,0,0,1500,1500,0,0,0.08,2.24
22799,0,0,1500,1500,0,0,0.08,2.24
22814,0,0,1500,1500,0,0,0.07,2.24
22829,0,0,1500,1500,0,0,0.07,1.59
22844,0,0,1500,1500,0,0,0.07,1.59
22859,0,0,1500,1500,0,0,0.07,1.59
22874,0,0,1500,1500,0,0,0.07,1.59
22889,0,0,1500,1500,0,0,0.07,1.59
22904,0,0,1500,1500,0,0,0.07,1.59
22919,0,0,1500,1500,0,0,0.05,1.12
22934,0,0,1500,1500,0,0,0.05,1.12
22949,0,0,1500,1500,0,0,0.05,1.12
22964,0,0,1500,1500,0,0,0.05,1.12
22979,0,0,1500,1500,0,0,0.05,1.12
22994,0,0,1500,1500,0,0,0.05,1.12
23009,0,0,1500,1500,0,0,0.04,1.12
23024,0,0,1500,1500,0,0,0.04,0.79
23040,0,0,1500,1500,0,0,0.04,0.79
23055,0,0,1500,1500,0,0,0.04,0.79
23070,0,0,1500,1500,0,0,0.04,0.79
23085,0,0,1500,1500,0,0,0.04,0.79
23100,0,0,1500,1500,0,0,0.04,0.79
23115,0,0,1500,1500,0,0,0.02,0.79
23130,0,0,1500,1500,0,0,0.02,0.56
23145,0,0,1500,1500,0,0,0.02,0.56
23160,0,0,1500,1500,0,0,0.02,0.56
23175,0,0,1500,1500,0,0,0.02,0.56
23190,0,0,1500,1500,0,0,0.02,0.56
23205,0,0,1500,1500,0,0,0.02,0.56
23220,0,0,1500,1500,0,0,0.02,0.75
23235,0,0,1500,1500,0,0,0.02,0.75
23250,0,0,1500,1500,0,0,0.02,0.75
23265,0,0,1500,1500,0,0,0.02,0.75
23280,0,0,1500,1500,0,0,0.02,0.75
23296,0,0,1500,1500,0,0,0.02,0.75
23311,0,0,1500,1500,0,0,0.01,0.75
23326,0,0,1500,1500,0,0,0.01,3.70
23341,0,0,1500,1500,0,0,0.01,3.70
23356,0,0,1500,1500,0,0,0.01,3.70
23371,0,0,1500,1500,0,0,0.01,3.70
23386,0,0,1500,1500,0,0,0.01,3.70
23401,0,0,1500,1500,0,0,0.01,3.70
23416,0,0,1500,1500,0,0,0.02,3.70
23431,0,0,1500,1500,0,0,0.02,6.07
23446,0,0,1500,1500,0,0,0.02,6.07
23461,0,0,1500,1500,0,0,0.02,6.07
23476,0,0,1500,1500,0,0,0.02,6.07
23491,0,0,1500,1500,0,0,0.02,6.07
23506,0,0,1500,1500,0,0,0.03,6.07
23521,0,0,1500,1500,0,0,0.03,5.40
23536,0,0,1500,1500,0,0,0.03,5.40
23552,0,0,1500,1500,0,0,0.03,5.40
23567,0,0,1500,1500,0,0,0.03,5.40
23582,0,0,1500,1500,0,0,0.03,5.40
23597,0,0,1500,1500,0,0,0.03,5.40
23612,0,0,1500,1500,0,0,0.19,5.40
23627,0,0,1500,1500,0,0,0.19,3.81
23642,0,0,1500,1500,0,0,0.19,3.81
23657,0,0,1500,1500,0,0,0.19,3.81
23672,0,0,1500,1500,0,0,0.19,3.81
23687,0,0,1500,1500,0,0,0.19,3.81
23702,0,0,1500,1500,0,0,0.19,3.81
23717,0,0,1500,1500,0,0,0.17,2.91
23732,0,0,1500,1500,0,0,0.17,2.91
23747,0,0,1500,1500,0,0,0.17,2.91
23762,0,0,1500,1500,0,0,0.17,2.91
23777,0,0,1500,1500,0,0,0.17,2.91
23792,0,0,1500,1500,0,0,0.17,2.91
23808,0,0,1500,1500,0,0,0.13,2.91
23823,0,0,1500,1500,0,0,0.13,2.04
23838,0,0,1500,1500,0,0,0.13,2.04
23853,0,0,1500,1500,0,0,0.13,2.04
23868,0,0,1500,1500,0,0,0.13,2.04
23883,0,0,1500,1500,0,0,0.13,2.04
23898,0,0,1500,1500,0,0,0.13,2.04
23913,0,0,1500,1500,0,0,0.11,2.04
23928,0,0,1500,1500,0,0,0.11,1.43
23943,0,0,1500,1500,0,0,0.11,1.43
23958,0,0,1500,1500,0,0,0.11,1.43
23973,0,0,1500,1500,0,0,0.11,1.43
23988,0,0,1500,1500,0,0,0.11,1.43
24003,0,0,1500,1500,0,0,0.11,1.43
24018,0,0,1500,1500,0,0,0.08,1.02
24033,0,0,1500,1500,0,0,0.08,1.02
24048,0,0,1500,1500,0,0,0.08,1.02
24064,0,0,1500,1500,0,0,0.08,1.02
24079,0,0,1500,1500,0,0,0.08,1.02
24094,0,0,1500,1500,0,0,0.08,1.02
24109,0,0,1500,1500,0,0,0.06,1.02
24124,0,0,1500,1500,0,0,0.06,0.72
24139,0,0,1500,1500,0,0,0.06,0.72
24154,0,0,1500,1500,0,0,0.06,0.72
24169,0,0,1500,1500,0,0,0.06,0.72
24184,0,0,1500,1500,0,0,0.06,0.72
24199,0,0,1500,1500,0,0,0.06,0.72
24214,0,0,1500,1500,0,0,0.04,0.72
24229,0,0,1500,1500,0,0,0.04,0.51
24244,0,0,1500,1500,0,0,0.04,0.51
24259,0,0,1500,1500,0,0,0.04,0.51
24274,0,0,1500,1500,0,0,0.04,0.51
24289,0,0,1500,1500,0,0,0.04,0.51
24304,0,0,1500,1500,0,0,0.03,0.51
24320,0,0,1500,1500,0,0,0.03,0.36
24335,0,0,1500,1500,0,0,0.03,0.36
24350,0,0,1500,1500,0,0,0.03,0.36
24365,0,0,1500,1500,0,0,0.03,0.36
24380,0,0,1500,1500,0,0,0.03,0.36
24395,0,0,1500,1500,0,0,0.03,0.36
24410,0,0,1500,1500,0,0,0.02,0.36
24425,0,0,1500,1500,0,0,0.02,0.26
24440,0,0,1500,1500,0,0,0.02,0.26
24455,0,0,1500,1500,0,0,0.02,0.26
24470,0,0,1500,1500,0,0,0.02,0.26
24485,0,0,1500,1500,0,0,0.02,0.26
24500,0,0,1500,1500,0,0,0.02,0.26
24515,0,0,1500,1500,0,0,0.01,0.26
24530,0,0,1500,1500,0,0,0.01,0.18
24545,0,0,1500,1500,0,0,0.01,0.18
24560,0,0,1500,1500,0,0,0.01,0.18
24576,0,0,1500,1500,0,0,0.01,0.18
24591,0,0,1500,1500,0,0,0.01,0.18
24606,0,0,1500,1500,0,0,0.01,0.18
24621,0,0,1500,1500,0,0,0.01,0.13
24636,0,0,1500,1500,0,0,0.01,0.13
24651,0,0,1500,1500,0,0,0.01,0.13
24666,0,0,1500,1500,0,0,0.01,0.13
24681,0,0,1500,1500,0,0,0.01,0.13
24696,0,0,1500,1500,0,0,0.01,0.13
24711,0,0,1500,1500,0,0,0.01,0.13
24726,0,0,1500,1500,0,0,0.01,0.09
24741,0,0,1500,1500,0,0,0.01,0.09
24756,0,0,1500,1500,0,0,0.01,0.09
24771,0,0,1500,1500,0,0,0.01,0.09
24786,0,0,1500,1500,0,0,0.01,0.09
24801,0,0,1500,1500,0,0,0.01,0.09
24816,0,0,1500,1500,0,0,0.00,0.09
24832,0,0,1500,1500,0,0,0.00,0.06
24847,0,0,1500,1500,0,0,0.00,0.06
24862,0,0,1500,1500,0,0,0.00,0.06
24877,0,0,1500,1500,0,0,0.00,0.06
24892,0,0,1500,1500,0,0,0.00,0.06
24907,0,0,1500,1500,0,0,0.00,0.06
24922,0,0,1500,1500,0,0,0.00,0.05
24937,0,0,1500,1500,0,0,0.00,0.05
24952,0,0,1500,1500,0,0,0.00,0.05
24967,0,0,1500,1500,0,0,0.00,0.05
24982,0,0,1500,1500,0,0,0.00,0.05
24997,0,0,1500,1500,0,0,0.00,0.05
25012,0,0,1500,1500,0,0,0.00,0.05
25027,0,0,1500,1500,0,0,0.00,0.03
25042,0,0,1500,1500,0,0,0.00,0.03
25057,0,0,1500,1500,0,0,0.00,0.03
25072,0,0,1500,1500,0,0,0.00,0.03
25088,0,0,1500,1500,0,0,0.00,0.03
25103,0,0,1500,1500,0,0,0.00,0.03
25118,0,0,1500,1500,0,0,0.00,0.02
25133,0,0,1500,1500,0,0,0.00,0.02
25148,0,0,1500,1500,0,0,0.00,0.02
25163,0,0,1500,1500,0,0,0.00,0.02
25178,0,0,1500,1500,0,0,0.00,0.02
25193,0,0,1500,1500,0,0,0.00,0.02
25208,0,0,1500,1500,0,0,0.00,0.02
25223,0,0,1500,1500,0,0,0.00,0.02
25238,0,0,1500,1500,0,0,0.00,0.02
25253,0,0,1500,1500,0,0,0.00,0.02
25268,0,0,1500,1500,0,0,0.00,0.02
25283,0,0,1500,1500,0,0,0.00,0.02
25298,0,0,1500,1500,0,0,0.00,0.02
25313,0,0,1500,1500,0,0,0.00,0.02
25328,0,0,1500,1500,0,0,0.00,0.01
25344,0,0,1500,1500,0,0,0.00,0.01
25359,0,0,1500,1500,0,0,0.00,0.01
25374,0,0,1500,1500,0,0,0.00,0.01
25389,0,0,1500,1500,0,0,0.00,0.01
25404,0,0,1500,1500,0,0,0.00,0.01
25419,0,0,1500,1500,0,0,0.00,0.00
25434,0,0,1500,1500,0,0,0.00,0.00
25449,0,0,1500,1500,0,0,0.00,0.00
25464,0,0,1500,1500,0,0,0.00,0.00
25479,0,0,1500,1500,0,0,0.00,0.00
25494,0,0,1500,1500,0,0,0.00,0.00
25509,0,0,1500,1500,0,0,0.00,0.00
25524,0,0,1500,1500,0,0,0.00,0.00
25539,0,0,1500,1500,0,0,0.00,0.00
25554,0,0,1500,1500,0,0,0.00,0.00
25569,0,0,1500,1500,0,0,0.00,0.00
25584,0,0,1500,1500,0,0,0.00,0.00
25600,0,0,1500,1500,0,0,0.00,0.00
25615,0,0,1500,1500,0,0,0.00,0.00
25630,0,0,1500,1500,0,0,0.00,0.00
25645,0,0,1500,1500,0,0,0.00,0.00
25660,0,0,1500,1500,0,0,0.00,0.00
25675,0,0,1500,1500,0,0,0.00,0.00
25690,0,0,1500,1500,0,0,0.00,0.00
25705,0,0,1500,1500,0,0,0.00,0.00
25720,0,0,1500,1500,0,0,0.00,0.00
25735,0,0,1500,1500,0,0,0.00,0.00
25750,0,0,1500,1500,0,0,0.00,0.00
25765,0,0,1500,1500,0,0,0.00,0.00
25780,0,0,1500,1500,0,0,0.00,0.00
25795,0,0,1500,1500,0,0,0.00,0.00
25810,0,0,1500,1500,0,0,0.00,0.00
25825,0,0,1500,1500,0,0,0.00,0.00
25840,0,0,1500,1500,0,0,0.00,0.00
25856,0,0,1500,1500,0,0,0.00,0.00
25871,0,0,1500,1500,0,0,0.00,0.00
25886,0,0,1500,1500,0,0,0.00,0.00
25901,0,0,1500,1500,0,0,0.00,0.00
25916,0,0,1500,1500,0,0,0.00,0.00
25931,0,0,1500,1500,0,0,0.00,0.00
25946,0,0,1500,1500,0,0,0.00,0.00
25961,0,0,1500,1500,0,0,0.00,0.00
25976,0,0,1500,1500,0,0,0.00,0.00
25991,0,0,1500,1500,0,0,0.00,0.00
26006,0,0,1500,1500,0,0,0.00,0.00
26021,0,0,1500,1500,0,0,0.00,0.00
26036,0,0,1500,1500,0,0,0.00,0.00
26051,0,0,1500,1500,0,0,0.00,0.00
26066,0,0,1500,1500,0,0,0.00,0.00
26081,0,0,1500,1500,0,0,0.00,0.00
26096,0,0,1500,1500,0,0,0.00,0.00
26112,0,0,1500,1500,0,0,0.00,0.00
26127,0,0,1500,1500,0,0,0.00,0.00
26142,0,0,1500,1500,0,0,0.00,0.00
26157,0,0,1500,1500,0,0,0.00,0.00
26172,0,0,1500,1500,0,0,0.00,0.00
26187,0,0,1500,1500,0,0,0.00,0.00
26202,0,0,1500,1500,0,0,0.00,0.00
26217,0,0,1500,1500,0,0,0.00,0.00
26232,0,0,1500,1500,0,0,0.00,0.00
26247,0,0,1500,1500,0,0,0.00,0.00
26262,0,0,1500,1500,0,0,0.00,0.00
26277,0,0,1500,1500,0,0,0.00,0.00
26292,0,0,1500,1500,0,0,0.00,0.00
26307,0,0,1500,1500,0,0,0.00,0.00
26322,0,0,1500,1500,0,0,0.00,0.00
26337,0,0,1500,1500,0,0,0.00,0.00
26352,0,0,1500,1500,0,0,0.00,0.00
26368,0,0,1500,1500,0,0,0.00,0.00
26383,0,0,1500,1500,0,0,0.00,0.00
26398,0,0,1500,1500,0,0,0.00,0.00
26413,0,0,1500,1500,0,0,0.00,0.00
26428,0,0,1500,1500,0,0,0.00,0.00
26443,0,0,1500,1500,0,0,0.00,0.00
26458,0,0,1500,1500,0,0,0.00,0.00
26473,0,0,1500,1500,0,0,0.00,0.00
26488,0,0,1500,1500,0,0,0.00,0.00
26503,0,0,1500,1500,0,0,0.00,0.00
26518,0,0,1500,1500,0,0,0.00,0.00
26533,0,0,1500,1500,0,0,0.00,0.00
26548,0,0,1500,1500,0,0,0.00,0.00
26563,0,0,1500,1500,0,0,0.00,0.00
26578,0,0,1500,1500,0,0,0.00,0.00
26593,0,0,1500,1500,0,0,0.00,0.00
26608,0,0,1500,1500,0,0,0.00,0.00
26624,0,0,1500,1500,0,0,0.00,0.00
26639,0,0,1500,1500,0,0,0.00,0.00
26654,0,0,1500,1500,0,0,0.00,0.00
26669,0,0,1500,1500,0,0,0.00,0.00
26684,0,0,1500,1500,0,0,0.00,0.00
26699,0,0,1500,1500,0,0,0.00,0.00
26714,0,0,1500,1500,0,0,0.00,0.00
26729,0,0,1500,1500,0,0,0.00,1.74
26744,0,0,1500,1500,0,0,0.00,1.74
26759,0,0,1500,1500,0,0,0.00,1.74
26774,0,0,1500,1500,0,0,0.00,1.74
26789,0,0,1500,1500,0,0,0.00,1.74
26804,0,0,1500,1500,0,0,0.00,1.74
26819,0,0,1500,1500,0,0,0.00,4.74
26834,0,0,1500,1500,0,0,0.00,4.74
26849,0,0,1500,1500,0,0,0.00,4.74
26864,0,0,1500,1500,0,0,0.00,4.74
26880,0,0,1500,1500,0,0,0.00,4.74
26895,0,0,1500,1500,0,0,0.00,4.74
26910,0,0,1500,1500,0,0,0.05,4.74
26925,0,0,1500,1500,0,0,0.05,6.19
26940,0,0,1500,1500,0,0,0.05,6.19
26955,0,0,1500,1500,0,0,0.05,6.19
26970,0,0,1500,1500,0,0,0.05,6.19
26985,0,0,1500,1500,0,0,0.05,6.19
27000,0,0,1500,1500,0,0,0.05,6.19
27015,0,0,1500,1500,0,0,0.05,6.19
27030,0,0,1500,1500,0,0,0.05,5.14
27045,0,0,1500,1500,0,0,0.05,5.14
27060,0,0,1500,1500,0,0,0.05,5.14
27075,0,0,1500,1500,0,0,0.05,5.14
27090,0,0,1500,1500,0,0,0.05,5.14
27105,0,0,1500,1500,0,0,0.21,5.14
27120,0,0,1500,1500,0,0,0.21,3.61
27136,0,0,1500,1500,0,0,0.21,3.61
27151,0,0,1500,1500,0,0,0.21,3.61
27166,0,0,1500,1500,0,0,0.21,3.61
27181,0,0,1500,1500,0,0,0.21,3.61
27196,0,0,1500,1500,0,0,0.21,3.61
27211,0,0,1500,1500,0,0,0.21,3.61
27226,0,0,1500,1500,0,0,0.21,2.77
27241,0,0,1500,1500,0,0,0.21,2.77
27256,0,0,1500,1500,0,0,0.21,2.77
27271,0,0,1500,1500,0,0,0.21,2.77
27286,0,0,1500,1500,0,0,0.21,2.77
27301,0,0,1500,1500,0,0,0.21,2.77
27316,0,0,1500,1500,0,0,0.23,2.77
27331,0,0,1500,1500,0,0,0.23,1.97
27346,0,0,1500,1500,0,0,0.23,1.97
27361,0,0,1500,1500,0,0,0.23,1.97
27376,0,0,1500,1500,0,0,0.23,1.97
27392,0,0,1500,1500,0,0,0.23,1.97
27407,0,0,1500,1500,0,0,0.21,1.97
27422,0,0,1500,1500,0,0,0.21,1.38
27437,0,0,1500,1500,0,0,0.21,1.38
27452,0,0,1500,1500,0,0,0.21,1.38
27467,0,0,1500,1500,0,0,0.21,1.38
27482,0,0,1500,1500,0,0,0.21,1.38
27497,0,0,1500,1500,0,0,0.21,1.38
27512,0,0,1500,1500,0,0,0.16,1.38
27527,0,0,1500,1500,0,0,0.16,0.97
27542,0,0,1500,1500,0,0,0.16,0.97
27557,0,0,1500,1500,0,0,0.16,0.97
27572,0,0,1500,1500,0,0,0.16,0.97
27587,0,0,1500,1500,0,0,0.16,0.97
27602,0,0,1500,1500,0,0,0.16,0.97
27617,0,0,1500,1500,0,0,0.11,0.68
27632,0,0,1500,1500,0,0,0.11,0.68
27648,0,0,1500,1500,0,0,0.11,0.68
27663,0,0,1500,1500,0,0,0.11,0.68
27678,0,0,1500,1500,0,0,0.11,0.68
27693,0,0,1500,1500,0,0,0.11,0.68
27708,0,0,1500,1500,0,0,0.08,0.68
27723,0,0,1500,1500,0,0,0.08,0.47
27738,0,0,1500,1500,0,0,0.08,0.47
27753,0,0,1500,1500,0,0,0.08,0.47
27768,0,0,1500,1500,0,0,0.08,0.47
27783,0,0,1500,1500,0,0,0.08,0.47
27798,0,0,1500,1500,0,0,0.08,0.47
27813,0,0,1500,1500,0,0,0.06,0.47
27828,0,0,1500,1500,0,0,0.06,0.33
27843,0,0,1500,1500,0,0,0.06,0.33
27858,0,0,1500,1500,0,0,0.06,0.33
27873,0,0,1500,1500,0,0,0.06,0.33
27888,0,0,1500,1500,0,0,0.06,0.33
27904,0,0,1500,1500,0,0,0.06,0.33
27919,0,0,1500,1500,0,0,0.04,0.23
27934,0,0,1500,1500,0,0,0.04,0.23
27949,0,0,1500,1500,0,0,0.04,0.23
27964,0,0,1500,1500,0,0,0.04,0.23
27979,0,0,1500,1500,0,0,0.04,0.23
27994,0,0,1500,1500,0,0,0.04,0.23
28009,0,0,1500,1500,0,0,0.03,0.23
28024,0,0,1500,1500,0,0,0.03,0.16
28039,0,0,1500,1500,0,0,0.03,0.16
28054,0,0,1500,1500,0,0,0.03,0.16
28069,0,0,1500,1500,0,0,0.03,0.16
28084,0,0,1500,1500,0,0,0.03,0.16
28099,0,0,1500,1500,0,0,0.03,0.16
28114,0,0,1500,1500,0,0,0.02,0.16
28129,0,0,1500,1500,0,0,0.02,0.11
28144,0,0,1500,1500,0,0,0.02,0.11
28160,0,0,1500,1500,0,0,0.02,0.11
28175,0,0,1500,1500,0,0,0.02,0.11
28190,0,0,1500,1500,0,0,0.02,0.11
28205,0,0,1500,1500,0,0,0.01,0.11
28220,0,0,1500,1500,0,0,0.01,0.08
28235,0,0,1500,1500,0,0,0.01,0.08
28250,0,0,1500,1500,0,0,0.01,0.08
28265,0,0,1500,1500,0,0,0.01,0.08
28280,0,0,1500,1500,0,0,0.01,0.08
28295,0,0,1500,1500,0,0,0.01,0.08
28310,0,0,1500,1500,0,0,0.01,0.08
28325,0,0,1500,1500,0,0,0.01,0.05
28340,0,0,1500,1500,0,0,0.01,0.05
28355,0,0,1500,1500,0,0,0.01,0.05
28370,0,0,1500,1500,0,0,0.01,0.05
28385,0,0,1500,1500,0,0,0.01,0.05
28400,0,0,1500,1500,0,0,0.01,0.05
28416,0,0,1500,1500,0,0,0.00,0.05
28431,0,0,1500,1500,0,0,0.00,0.39
28446,0,0,1500,1500,0,0,0.00,0.39
28461,0,0,1500,1500,0,0,0.00,0.39
28476,0,0,1500,1500,0,0,0.00,0.39
28491,0,0,1500,1500,0,0,0.00,0.39
28506,0,0,1500,1500,0,0,0.00,0.39
28521,0,0,1500,1500,0,0,0.00,3.45
28536,0,0,1500,1500,0,0,0.00,3.45
28551,0,0,1500,1500,0,0,0.00,3.45
28566,0,0,1500,1500,0,0,0.00,3.45
28581,0,0,1500,1500,0,0,0.00,3.45
28596,0,0,1500,1500,0,0,0.00,3.45
28611,0,0,1500,1500,0,0,0.02,3.45
28626,0,0,1500,1500,0,0,0.02,5.85
28641,0,0,1500,1500,0,0,0.02,5.85
28656,0,0,1500,1500,0,0,0.02,5.85
28672,0,0,1500,1500,0,0,0.02,5.85
28687,0,0,1500,1500,0,0,0.02,5.85
28702,0,0,1500,1500,0,0,0.02,5.85
28717,0,0,1500,1500,0,0,0.04,5.49
28732,0,0,1500,1500,0,0,0.04,5.49
28747,0,0,1500,1500,0,0,0.04,5.49
28762,0,0,1500,1500,0,0,0.04,5.49
28777,0,0,1500,1500,0,0,0.04,5.49
28792,0,0,1500,1500,0,0,0.04,5.49
28807,0,0,1500,1500,0,0,0.22,5.49
28822,0,0,1500,1500,0,0,0.22,4.05
28837,0,0,1500,1500,0,0,0.22,4.05
28852,0,0,1500,1500,0,0,0.22,4.05
28867,0,0,1500,1500,0,0,0.22,4.05
28882,0,0,1500,1500,0,0,0.22,4.05
28897,0,0,1500,1500,0,0,0.22,4.05
28912,0,0,1500,1500,0,0,0.25,4.05
28928,0,0,1500,1500,0,0,0.25,2.94
28943,0,0,1500,1500,0,0,0.25,2.94
28958,0,0,1500,1500,0,0,0.25,2.94
28973,0,0,1500,1500,0,0,0.25,2.94
28988,0,0,1500,1500,0,0,0.25,2.94
29003,0,0,1500,1500,0,0,0.25,2.94
29018,0,0,1500,1500,0,0,0.18,2.11
29033,0,0,1500,1500,0,0,0.18,2.11
29048,0,0,1500,1500,0,0,0.18,2.11
29063,0,0,1500,1500,0,0,0.18,2.11
29078,0,0,1500,1500,0,0,0.18,2.11
29093,0,0,1500,1500,0,0,0.18,2.11
29108,0,0,1500,1500,0,0,0.25,2.11
29123,0,0,1500,1500,0,0,0.25,1.53
29138,0,0,1500,1500,0,0,0.25,1.53
29153,0,0,1500,1500,0,0,0.25,1.53
29168,0,0,1500,1500,0,0,0.25,1.53
29184,0,0,1500,1500,0,0,0.25,1.53
29199,0,0,1500,1500,0,0,0.25,1.53
29214,0,0,1500,1500,0,0,0.18,1.53
29229,0,0,1500,1500,0,0,0.18,1.10
29244,0,0,1500,1500,0,0,0.18,1.10
29259,0,0,1500,1500,0,0,0.18,1.10
29274,0,0,1500,1500,0,0,0.18,1.10
29289,0,0,1500,1500,0,0,0.18,1.10
29304,0,0,1500,1500,0,0,0.18,1.10
29319,0,0,1500,1500,0,0,0.13,0.78
29334,0,0,1500,1500,0,0,0.13,0.78
29349,0,0,1500,1500,0,0,0.13,0.78
29364,0,0,1500,1500,0,0,0.13,0.78
29379,0,0,1500,1500,0,0,0.13,0.78
29394,0,0,1500,1500,0,0,0.13,0.78
29409,0,0,1500,1500,0,0,0.09,0.78
29424,0,0,1500,1500,0,0,0.09,0.54
29440,0,0,1500,1500,0,0,0.09,0.54
29455,0,0,1500,1500,0,0,0.09,0.54
29470,0,0,1500,1500,0,0,0.09,0.54
29485,0,0,1500,1500,0,0,0.09,0.54
29500,0,0,1500,1500,0,0,0.09,0.54
29515,0,0,1500,1500,0,0,0.06,0.54
29530,0,0,1500,1500,0,0,0.06,0.38
29545,0,0,1500,1500,0,0,0.06,0.38
29560,0,0,1500,1500,0,0,0.06,0.38
29575,0,0,1500,1500,0,0,0.06,0.38
29590,0,0,1500,1500,0,0,0.06,0.38
29605,0,0,1500,1500,0,0,0.05,0.38
29620,0,0,1500,1500,0,0,0.05,0.27
29635,0,0,1500,1500,0,0,0.05,0.27
29650,0,0,1500,1500,0,0,0.05,0.27
29665,0,0,1500,1500,0,0,0.05,0.27
29680,0,0,1500,1500,0,0,0.05,0.27
29696,0,0,1500,1500,0,0,0.05,0.27
29711,0,0,1500,1500,0,0,0.03,0.27
29726,0,0,1500,1500,0,0,0.03,0.19
29741,0,0,1500,1500,0,0,0.03,0.19
29756,0,0,1500,1500,0,0,0.03,0.19
29771,0,0,1500,1500,0,0,0.03,0.19
29786,0,0,1500,1500,0,0,0.03,0.19
29801,0,0,1500,1500,0,0,0.03,0.19
29816,0,0,1500,1500,0,0,0.02,0.19
29831,0,0,1500,1500,0,0,0.02,0.13
29846,0,0,1500,1500,0,0,0.02,0.13
29861,0,0,1500,1500,0,0,0.02,0.13
29876,0,0,1500,1500,0,0,0.02,0.13
29891,0,0,1500,1500,0,0,0.02,0.13
29906,0,0,1500,1500,0,0,0.01,0.13
29921,0,0,1500,1500,0,0,0.01,0.09
29936,0,0,1500,1500,0,0,0.01,0.09
29952,0,0,1500,1500,0,0,0.01,0.09
29967,0,0,1500,1500,0,0,0.01,0.09
29982,0,0,1500,1500,0,0,0.01,0.09
29997,0,0,1500,1500,0,0,0.01,0.09
30012,0,0,1500,1500,0,0,0.01,0.09
30027,0,0,1500,1500,0,0,0.01,0.06
30042,0,0,1500,1500,0,0,0.01,0.06
30057,0,0,1500,1500,0,0,0.01,0.06
30072,0,0,1500,1500,0,0,0.01,0.06
30087,0,0,1500,1500,0,0,0.01,0.06
30102,0,0,1500,1500,0,0,0.01,0.06
30117,0,0,1500,1500,0,0,0.00,0.04
30132,0,0,1500,1500,0,0,0.00,0.04
30147,0,0,1500,1500,0,0,0.00,0.04
30162,0,0,1500,1500,0,0,0.00,0.04
30177,0,0,1500,1500,0,0,0.00,0.04
30192,0,0,1500,1500,0,0,0.00,0.04
30208,0,0,1500,1500,0,0,0.00,0.04
30223,0,0,1500,1500,0,0,0.00,0.03
30238,0,0,1500,1500,0,0,0.00,0.03
30253,0,0,1500,1500,0,0,0.00,0.03
30268,0,0,1500,1500,0,0,0.00,0.03
30283,0,0,1500,1500,0,0,0.00,0.03
30298,0,0,1500,1500,0,0,0.00,0.03
30313,0,0,1500,1500,0,0,0.00,0.03
30328,0,0,1500,1500,0,0,0.00,0.02
30343,0,0,1500,1500,0,0,0.00,0.02
30358,0,0,1500,1500,0,0,0.00,0.02
30373,0,0,1500,1500,0,0,0.00,0.02
30388,0,0,1500,1500,0,0,0.00,0.02
30403,0,0,1500,1500,0,0,0.00,0.02
30418,0,0,1500,1500,0,0,0.00,0.01
30433,0,0,1500,1500,0,0,0.00,0.01
30448,0,0,1500,1500,0,0,0.00,0.01
30464,0,0,1500,1500,0,0,0.00,0.01
30479,0,0,1500,1500,0,0,0.00,0.01
30494,0,0,1500,1500,0,0,0.00,0.01
30509,0,0,1500,1500,0,0,0.00,0.01
30524,0,0,1500,1500,0,0,0.00,0.01
30539,0,0,1500,1500,0,0,0.00,0.01
30554,0,0,1500,1500,0,0,0.00,0.01
30569,0,0,1500,1500,0,0,0.00,0.01
30584,0,0,1500,1500,0,0,0.00,0.01
30599,0,0,1500,1500,0,0,0.00,0.01
30614,0,0,1500,1500,0,0,0.00,0.01
30629,0,0,1500,1500,0,0,0.00,1.11
30644,0,0,1500,1500,0,0,0.00,1.11
30659,0,0,1500,1500,0,0,0.00,1.11
30674,0,0,1500,1500,0,0,0.00,1.11
30689,0,0,1500,1500,0,0,0.00,1.11
30704,0,0,1500,1500,0,0,0.00,1.11
30720,0,0,1500,1500,0,0,0.00,4.21
30735,0,0,1500,1500,0,0,0.00,4.21
30750,0,0,1500,1500,0,0,0.00,4.21
30765,0,0,1500,1500,0,0,0.00,4.21
30780,0,0,1500,1500,0,0,0.00,4.21
30795,0,0,1500,1500,0,0,0.00,4.21
30810,0,0,1500,1500,0,0,0.06,4.21
30825,0,0,1500,1500,0,0,0.06,6.39
30840,0,0,1500,1500,0,0,0.06,6.39
30855,0,0,1500,1500,0,0,0.06,6.39
30870,0,0,1500,1500,0,0,0.06,6.39
30885,0,0,1500,1500,0,0,0.06,6.39
30900,0,0,1500,1500,0,0,0.06,6.39
30915,0,0,1500,1500,0,0,0.09,6.39
30930,0,0,1500,1500,0,0,0.09,6.02
30945,0,0,1500,1500,0,0,0.09,6.02
30960,0,0,1500,1500,0,0,0.09,6.02
30976,0,0,1500,1500,0,0,0.09,6.02
30991,0,0,1500,1500,0,0,0.09,6.02
31006,0,0,1500,1500,0,0,0.20,6.02
31021,0,0,1500,1500,0,0,0.20,4.31
31036,0,0,1500,1500,0,0,0.20,4.31
31051,0,0,1500,1500,0,0,0.20,4.31
31066,0,0,1500,1500,0,0,0.20,4.31
31081,0,0,1500,1500,0,0,0.20,4.31
31096,0,0,1500,1500,0,0,0.20,4.31
31111,0,0,1500,1500,0,0,0.25,4.31
31126,0,0,1500,1500,0,0,0.25,3.11
31141,0,0,1500,1500,0,0,0.25,3.11
31156,0,0,1500,1500,0,0,0.25,3.11
31171,0,0,1500,1500,0,0,0.25,3.11
31186,0,0,1500,1500,0,0,0.25,3.11
31201,0,0,1500,1500,0,0,0.25,3.11
31216,0,0,1500,1500,0,0,0.22,3.11
31232,0,0,1500,1500,0,0,0.22,2.28
31247,0,0,1500,1500,0,0,0.22,2.28
31262,0,0,1500,1500,0,0,0.22,2.28
31277,0,0,1500,1500,0,0,0.22,2.28
31292,0,0,1500,1500,0,0,0.22,2.28
31307,0,0,1500,1500,0,0,0.23,2.28
31322,0,0,1500,1500,0,0,0.23,1.63
31337,0,0,1500,1500,0,0,0.23,1.63
31352,0,0,1500,1500,0,0,0.23,1.63
31367,0,0,1500,1500,0,0,0.23,1.63
31382,0,0,1500,1500,0,0,0.23,1.63
31397,0,0,1500,1500,0,0,0.23,1.63
31412,0,0,1500,1500,0,0,0.16,1.63
31427,0,0,1500,1500,0,0,0.16,1.14
31442,0,0,1500,1500,0,0,0.16,1.14
31457,0,0,1500,1500,0,0,0.16,1.14
31472,0,0,1500,1500,0,0,0.16,1.14
31488,0,0,1500,1500,0,0,0.16,1.14
31503,0,0,1500,1500,0,0,0.16,1.14
31518,0,0,1500,1500,0,0,0.12,0.80
31533,0,0,1500,1500,0,0,0.12,0.80
31548,0,0,1500,1500,0,0,0.12,0.80
31563,0,0,1500,1500,0,0,0.12,0.80
31578,0,0,1500,1500,0,0,0.12,0.80
31593,0,0,1500,1500,0,0,0.12,0.80
31608,0,0,1500,1500,0,0,0.08,0.80
31623,0,0,1500,1500,0,0,0.08,0.56
31638,0,0,1500,1500,0,0,0.08,0.56
31653,0,0,1500,1500,0,0,0.08,0.56
31668,0,0,1500,1500,0,0,0.08,0.56
31683,0,0,1500,1500,0,0,0.08,0.56
31698,0,0,1500,1500,0,0,0.08,0.56
31713,0,0,1500,1500,0,0,0.06,0.56
31728,0,0,1500,1500,0,0,0.06,0.40
31744,0,0,1500,1500,0,0,0.06,0.40
31759,0,0,1500,1500,0,0,0.06,0.40
31774,0,0,1500,1500,0,0,0.06,0.40
31789,0,0,1500,1500,0,0,0.06,0.40
31804,0,0,1500,1500,0,0,0.06,0.40
31819,0,0,1500,1500,0,0,0.04,2.10
31834,0,0,1500,1500,0,0,0.04,2.10
31849,0,0,1500,1500,0,0,0.04,2.10
31864,0,0,1500,1500,0,0,0.04,2.10
31879,0,0,1500,1500,0,0,0.04,2.10
31894,0,0,1500,1500,0,0,0.04,2.10
31909,0,0,1500,1500,0,0,0.03,2.10
31924,0,0,1500,1500,0,0,0.03,5.09
31939,0,0,1500,1500,0,0,0.03,5.09
31954,0,0,1500,1500,0,0,0.03,5.09
31969,0,0,1500,1500,0,0,0.03,5.09
31984,0,0,1500,1500,0,0,0.03,5.09
32000,0,0,1500,1500,0,0,0.03,5.09
32015,0,0,1500,1500,0,0,0.03,5.09
32030,0,0,1500,1500,0,0,0.03,6.35
32045,0,0,1500,1500,0,0,0.03,6.35
32060,0,0,1500,1500,0,0,0.03,6.35
32075,0,0,1500,1500,0,0,0.03,6.35
32090,0,0,1500,1500,0,0,0.03,6.35
32105,0,0,1500,1500,0,0,0.05,6.35
32120,0,0,1500,1500,0,0,0.05,5.18
32135,0,0,1500,1500,0,0,0.05,5.18
32150,0,0,1500,1500,0,0,0.05,5.18
32165,0,0,1500,1500,0,0,0.05,5.18
32180,0,0,1500,1500,0,0,0.05,5.18
32195,0,0,1500,1500,0,0,0.05,5.18
32210,0,0,1500,1500,0,0,0.08,5.18
32225,0,0,1500,1500,0,0,0.08,3.63
32240,0,0,1500,1500,0,0,0.08,3.63
32256,0,0,1500,1500,0,0,0.08,3.63
32271,0,0,1500,1500,0,0,0.08,3.63
32286,0,0,1500,1500,0,0,0.08,3.63
32301,0,0,1500,1500,0,0,0.08,3.63
32316,0,0,1500,1500,0,0,0.07,3.63
32331,0,0,1500,1500,0,0,0.07,2.63
32346,0,0,1500,1500,0,0,0.07,2.63
32361,0,0,1500,1500,0,0,0.07,2.63
32376,0,0,1500,1500,0,0,0.07,2.63
32391,0,0,1500,1500,0,0,0.07,2.63
32406,0,0,1500,1500,0,0,0.06,2.63
32421,0,0,1500,1500,0,0,0.06,1.91
32436,0,0,1500,1500,0,0,0.06,1.91
32451,0,0,1500,1500,0,0,0.06,1.91
32466,0,0,1500,1500,0,0,0.06,1.91
32481,0,0,1500,1500,0,0,0.06,1.91
32496,0,0,1500,1500,0,0,0.06,1.91
32512,0,0,1500,1500,0,0,0.04,1.91
32527,0,0,1500,1500,0,0,0.04,1.34
32542,0,0,1500,1500,0,0,0.04,1.34
32557,0,0,1500,1500,0,0,0.04,1.34
32572,0,0,1500,1500,0,0,0.04,1.34
32587,0,0,1500,1500,0,0,0.04,1.34
32602,0,0,1500,1500,0,0,0.04,1.34
32617,0,0,1500,1500,0,0,0.03,0.94
32632,0,0,1500,1500,0,0,0.03,0.94
32647,0,0,1500,1500,0,0,0.03,0.94
32662,0,0,1500,1500,0,0,0.03,0.94
32677,0,0,1500,1500,0,0,0.03,0.94
32692,0,0,1500,1500,0,0,0.03,0.94
32707,0,0,1500,1500,0,0,0.02,0.94
32722,0,0,1500,1500,0,0,0.02,0.66
32737,0,0,1500,1500,0,0,0.02,0.66
32752,0,0,1500,1500,0,0,0.02,0.66
32768,0,0,1500,1500,0,0,0.02,0.66
32783,0,0,1500,1500,0,0,0.02,0.66
32798,0,0,1500,1500,0,0,0.02,0.66
32813,0,0,1500,1500,0,0,0.02,0.66
32828,0,0,1500,1500,0,0,0.02,0.46
32843,0,0,1500,1500,0,0,0.02,0.46
32858,0,0,1500,1500,0,0,0.02,0.46
32873,0,0,1500,1500,0,0,0.02,0.46
32888,0,0,1500,1500,0,0,0.02,0.46
32903,0,0,1500,1500,0,0,0.02,0.46
32918,0,0,1500,1500,0,0,0.01,0.32
32933,0,0,1500,1500,0,0,0.01,0.32
32948,0,0,1500,1500,0,0,0.01,0.32
32963,0,0,1500,1500,0,0,0.01,0.32
32978,0,0,1500,1500,0,0,0.01,0.32
32993,0,0,1500,1500,0,0,0.01,0.32
33008,0,0,1500,1500,0,0,0.01,0.32
33024,0,0,1500,1500,0,0,0.01,0.40
33039,0,0,1500,1500,0,0,0.01,0.40
33054,0,0,1500,1500,0,0,0.01,0.40
33069,0,0,1500,1500,0,0,0.01,0.40
33084,0,0,1500,1500,0,0,0.01,0.40
33099,0,0,1500,1500,0,0,0.01,0.40
33114,0,0,1500,1500,0,0,0.01,0.40
33129,0,0,1500,1500,0,0,0.01,3.25
33144,0,0,1500,1500,0,0,0.01,3.25
33159,0,0,1500,1500,0,0,0.01,3.25
33174,0,0,1500,1500,0,0,0.01,3.25
33189,0,0,1500,1500,0,0,0.01,3.25
33204,0,0,1500,1500,0,0,0.03,3.25
33219,0,0,1500,1500,0,0,0.03,5.80
33234,0,0,1500,1500,0,0,0.03,5.80
33249,0,0,1500,1500,0,0,0.03,5.80
33264,0,0,1500,1500,0,0,0.03,5.80
33280,0,0,1500,1500,0,0,0.03,5.80
33295,0,0,1500,1500,0,0,0.03,5.80
33310,0,0,1500,1500,0,0,0.12,5.80
33325,0,0,1500,1500,0,0,0.12,6.00
33340,0,0,1500,1500,0,0,0.12,6.00
33355,0,0,1500,1500,0,0,0.12,6.00
33370,0,0,1500,1500,0,0,0.12,6.00
33385,0,0,1500,1500,0,0,0.12,6.00
33400,0,0,1500,1500,0,0,0.12,6.00
33415,0,0,1500,1500,0,0,0.10,6.00
33430,0,0,1500,1500,0,0,0.10,4.43
33445,0,0,1500,1500,0,0,0.10,4.43
33460,0,0,1500,1500,0,0,0.10,4.43
33475,0,0,1500,1500,0,0,0.10,4.43
33490,0,0,1500,1500,0,0,0.10,4.43
33505,0,0,1500,1500,0,0,0.07,4.43
33520,0,0,1500,1500,0,0,0.07,3.18
33536,0,0,1500,1500,0,0,0.07,3.18
33551,0,0,1500,1500,0,0,0.07,3.18
33566,0,0,1500,1500,0,0,0.07,3.18
33581,0,0,1500,1500,0,0,0.07,3.18
33596,0,0,1500,1500,0,0,0.07,3.18
33611,0,0,1500,1500,0,0,0.06,3.18
33626,0,0,1500,1500,0,0,0.06,2.29
33641,0,0,1500,1500,0,0,0.06,2.29
33656,0,0,1500,1500,0,0,0.06,2.29
33671,0,0,1500,1500,0,0,0.06,2.29
33686,0,0,1500,1500,0,0,0.06,2.29
33701,0,0,1500,1500,0,0,0.06,2.29
33716,0,0,1500,1500,0,0,0.12,2.29
33731,0,0,1500,1500,0,0,0.12,1.61
33746,0,0,1500,1500,0,0,0.12,1.61
33761,0,0,1500,1500,0,0,0.12,1.61
33776,0,0,1500,1500,0,0,0.12,1.61
33792,0,0,1500,1500,0,0,0.12,1.61
33807,0,0,1500,1500,0,0,0.08,1.61
33822,0,0,1500,1500,0,0,0.08,1.36
33837,0,0,1500,1500,0,0,0.08,1.36
33852,0,0,1500,1500,0,0,0.08,1.36
33867,0,0,1500,1500,0,0,0.08,1.36
33882,0,0,1500,1500,0,0,0.08,1.36
33897,0,0,1500,1500,0,0,0.08,1.36
33912,0,0,1500,1500,0,0,0.06,1.36
33927,0,0,1500,1500,0,0,0.06,2.73
33942,0,0,1500,1500,0,0,0.06,2.73
33957,0,0,1500,1500,0,0,0.06,2.73
33972,0,0,1500,1500,0,0,0.06,2.73
33987,0,0,1500,1500,0,0,0.06,2.73
34002,0,0,1500,1500,0,0,0.06,2.73
34017,0,0,1500,1500,0,0,0.05,5.49
34032,0,0,1500,1500,0,0,0.05,5.49
34048,0,0,1500,1500,0,0,0.05,5.49
34063,0,0,1500,1500,0,0,0.05,5.49
34078,0,0,1500,1500,0,0,0.05,5.49
34093,0,0,1500,1500,0,0,0.05,5.49
34108,0,0,1500,1500,0,0,0.08,5.49
34123,0,0,1500,1500,0,0,0.08,6.46
34138,0,0,1500,1500,0,0,0.08,6.46
34153,0,0,1500,1500,0,0,0.08,6.46
34168,0,0,1500,1500,0,0,0.08,6.46
34183,0,0,1500,1500,0,0,0.08,6.46
34198,0,0,1500,1500,0,0,0.08,6.46
34213,0,0,1500,1500,0,0,0.32,6.46
34228,0,0,1500,1500,0,0,0.32,5.15
34243,0,0,1500,1500,0,0,0.32,5.15
34258,0,0,1500,1500,0,0,0.32,5.15
34273,0,0,1500,1500,0,0,0.32,5.15
34288,0,0,1500,1500,0,0,0.32,5.15
34304,0,0,1500,1500,0,0,0.23,5.15
34319,0,0,1500,1500,0,0,0.23,3.61
34334,0,0,1500,1500,0,0,0.23,3.61
34349,0,0,1500,1500,0,0,0.23,3.61
34364,0,0,1500,1500,0,0,0.23,3.61
34379,0,0,1500,1500,0,0,0.23,3.61
34394,0,0,1500,1500,0,0,0.23,3.61
34409,0,0,1500,1500,0,0,0.18,3.61
34424,0,0,1500,1500,0,0,0.18,2.79
34439,0,0,1500,1500,0,0,0.18,2.79
34454,0,0,1500,1500,0,0,0.18,2.79
34469,0,0,1500,1500,0,0,0.18,2.79
34484,0,0,1500,1500,0,0,0.18,2.79
34499,0,0,1500,1500,0,0,0.18,2.79
34514,0,0,1500,1500,0,0,0.17,2.79
34529,0,0,1500,1500,0,0,0.17,2.07
34544,0,0,1500,1500,0,0,0.17,2.07
34560,0,0,1500,1500,0,0,0.17,2.07
34575,0,0,1500,1500,0,0,0.17,2.07
34590,0,0,1500,1500,0,0,0.17,2.07
34605,0,0,1500,1500,0,0,0.13,2.07
34620,0,0,1500,1500,0,0,0.13,1.45
34635,0,0,1500,1500,0,0,0.13,1.45
34650,0,0,1500,1500,0,0,0.13,1.45
34665,0,0,1500,1500,0,0,0.13,1.45
34680,0,0,1500,1500,0,0,0.13,1.45
34695,0,0,1500,1500,0,0,0.13,1.45
34710,0,0,1500,1500,0,0,0.10,1.45
34725,0,0,1500,1500,0,0,0.10,1.02
34740,0,0,1500,1500,0,0,0.10,1.02
34755,0,0,1500,1500,0,0,0.10,1.02
34770,0,0,1500,1500,0,0,0.10,1.02
34785,0,0,1500,1500,0,0,0.10,1.02
34800,0,0,1500,1500,0,0,0.10,1.02
34816,0,0,1500,1500,0,0,0.12,1.02
34831,0,0,1500,1500,0,0,0.12,0.72
34846,0,0,1500,1500,0,0,0.12,0.72
34861,0,0,1500,1500,0,0,0.12,0.72
34876,0,0,1500,1500,0,0,0.12,0.72
34891,0,0,1500,1500,0,0,0.12,0.72
34906,0,0,1500,1500,0,0,0.08,0.72
34921,0,0,1500,1500,0,0,0.08,0.50
34936,0,0,1500,1500,0,0,0.08,0.50
34951,0,0,1500,1500,0,0,0.08,0.50
34966,0,0,1500,1500,0,0,0.08,0.50
34981,0,0,1500,1500,0,0,0.08,0.50
34996,0,0,1500,1500,0,0,0.08,0.50
35011,0,0,1500,1500,0,0,0.06,0.50
35026,0,0,1500,1500,0,0,0.06,0.35
35041,0,0,1500,1500,0,0,0.06,0.35
35056,0,0,1500,1500,0,0,0.06,0.35
35072,0,0,1500,1500,0,0,0.06,0.35
35087,0,0,1500,1500,0,0,0.06,0.35
35102,0,0,1500,1500,0,0,0.06,0.35
35117,0,0,1500,1500,0,0,0.04,0.25
35132,0,0,1500,1500,0,0,0.04,0.25
35147,0,0,1500,1500,0,0,0.04,0.25
35162,0,0,1500,1500,0,0,0.04,0.25
35177,0,0,1500,1500,0,0,0.04,0.25
35192,0,0,1500,1500,0,0,0.04,0.25
35207,0,0,1500,1500,0,0,0.03,0.25
35222,0,0,1500,1500,0,0,0.03,0.18
35237,0,0,1500,1500,0,0,0.03,0.18
35252,0,0,1500,1500,0,0,0.03,0.18
35267,0,0,1500,1500,0,0,0.03,0.18
35282,0,0,1500,1500,0,0,0.03,0.18
35297,0,0,1500,1500,0,0,0.03,0.18
35312,0,0,1500,1500,0,0,0.02,0.18
35328,0,0,1500,1500,0,0,0.02,0.12
35343,0,0,1500,1500,0,0,0.02,0.12
35358,0,0,1500,1500,0,0,0.02,0.12
35373,0,0,1500,1500,0,0,0.02,0.12
35388,0,0,1500,1500,0,0,0.02,0.12
35403,0,0,1500,1500,0,0,0.02,0.12
35418,0,0,1500,1500,0,0,0.01,0.08
35433,0,0,1500,1500,0,0,0.01,0.08
